Spectrum	Spectrum File	Peptide	Modified Peptide	Peptide Length	Charge	Retention	Observed Mass	Calibrated Observed Mass	Observed M/Z	Calibrated Observed M/Z	Calculated Peptide Mass	Calculated M/Z	Delta Mass	Expectation	Hyperscore	Nextscore	PeptideProphet Probability	Number of Enzymatic Termini	Number of Missed Cleavages	Intensity	Ion Mobility	Assigned Modifications	Observed Modifications	Is Unique	Protein	Protein ID	Entry Name	Gene	Protein Description	Mapped Genes	Mapped Proteins
b1906_293T_proteinID_01A_QE3_122212.01882.01882.3	F:\dev\msfragger\dev_isotope_correction\8_isotope_errors_012_2\interact-b1906_293T_proteinID_01A_QE3_122212.pep.xml	KGPGRPTGSK		10	3	1591.0553	983.5486	983.5501	328.8568	328.8573	983.5512	328.8577	-0.0011	0.001253015	21.783	16.169	1	2	0	0	0			TRUE	sp|P26583|HMGB2_HUMAN	P26583	HMGB2_HUMAN	HMGB2	High mobility group protein B2 		
b1906_293T_proteinID_01A_QE3_122212.01886.01886.2	F:\dev\msfragger\dev_isotope_correction\8_isotope_errors_012_2\interact-b1906_293T_proteinID_01A_QE3_122212.pep.xml	HAVSEGTK		8	2	1592.1041	827.4116	827.4123	414.7131	414.7134	827.4137	414.7141	-0.0014	9.60E-05	27.187	12.754	1	2	0	0	0			FALSE	sp|P06899|H2B1J_HUMAN	P06899	H2B1J_HUMAN	HIST1H2BJ	Histone H2B type 1-J 	"H2BFS, HIST1H2BA, HIST1H2BB, HIST1H2BC, HIST1H2BD, HIST1H2BH, HIST1H2BK, HIST1H2BL, HIST1H2BM, HIST1H2BN, HIST1H2BO, HIST2H2BE, HIST2H2BF, HIST3H2BB"	"sp|O60814|H2B1K_HUMAN, sp|P23527|H2B1O_HUMAN, sp|P33778|H2B1B_HUMAN, sp|P57053|H2BFS_HUMAN, sp|P58876|H2B1D_HUMAN, sp|P62807|H2B1C_HUMAN, sp|Q16778|H2B2E_HUMAN, sp|Q5QNW6|H2B2F_HUMAN, sp|Q8N257|H2B3B_HUMAN, sp|Q93079|H2B1H_HUMAN, sp|Q96A08|H2B1A_HUMAN, sp|Q99877|H2B1N_HUMAN, sp|Q99879|H2B1M_HUMAN, sp|Q99880|H2B1L_HUMAN"
b1906_293T_proteinID_01A_QE3_122212.01899.01899.4	F:\dev\msfragger\dev_isotope_correction\8_isotope_errors_012_2\interact-b1906_293T_proteinID_01A_QE3_122212.pep.xml	RRPENPKPQDGK		12	4	1595.3414	1420.748	1420.7488	356.1943	356.1945	1420.7534	356.1956	-0.0046	0.000700448	23.491	12.917	1	2	0	0	0			TRUE	sp|P67809|YBOX1_HUMAN	P67809	YBOX1_HUMAN	YBX1	Nuclease-sensitive element-binding protein 1 		
b1906_293T_proteinID_01A_QE3_122212.01905.01905.3	F:\dev\msfragger\dev_isotope_correction\8_isotope_errors_012_2\interact-b1906_293T_proteinID_01A_QE3_122212.pep.xml	RRPENPKPQDGK		12	3	1595.9042	1420.7472	1420.7493	474.5897	474.5904	1420.7534	474.5917	-0.0041	0.000114849	30.916	15.984	1	2	0	0	0			TRUE	sp|P67809|YBOX1_HUMAN	P67809	YBOX1_HUMAN	YBX1	Nuclease-sensitive element-binding protein 1 		
b1906_293T_proteinID_01A_QE3_122212.01909.01909.3	F:\dev\msfragger\dev_isotope_correction\8_isotope_errors_012_2\interact-b1906_293T_proteinID_01A_QE3_122212.pep.xml	HGGYKPSDEHK		11	3	1596.918	1253.5714	1253.5752	418.8644	418.8657	1253.5789	418.8669	-0.0036	3.69E-06	33.115	11.882	1	2	0	0	0			TRUE	sp|P12277|KCRB_HUMAN	P12277	KCRB_HUMAN	CKB	Creatine kinase B-type 		
b1906_293T_proteinID_01A_QE3_122212.01910.01910.4	F:\dev\msfragger\dev_isotope_correction\8_isotope_errors_012_2\interact-b1906_293T_proteinID_01A_QE3_122212.pep.xml	HGGYKPSDEHK		11	4	1596.9965	1253.573	1253.5756	314.4005	314.4012	1253.5789	314.402	-0.0033	0.000594977	22.402	8.901	1	2	0	0	0			TRUE	sp|P12277|KCRB_HUMAN	P12277	KCRB_HUMAN	CKB	Creatine kinase B-type 		
b1906_293T_proteinID_01A_QE3_122212.01917.01917.2	F:\dev\msfragger\dev_isotope_correction\8_isotope_errors_012_2\interact-b1906_293T_proteinID_01A_QE3_122212.pep.xml	HGGYKPSDEHK		11	2	1597.6393	1253.5739	1253.575	627.7942	627.7948	1253.5789	627.7967	-0.0039	5.40E-07	25.25	11.669	1	2	0	0	0			TRUE	sp|P12277|KCRB_HUMAN	P12277	KCRB_HUMAN	CKB	Creatine kinase B-type 		
b1906_293T_proteinID_01A_QE3_122212.01934.01934.3	F:\dev\msfragger\dev_isotope_correction\8_isotope_errors_012_2\interact-b1906_293T_proteinID_01A_QE3_122212.pep.xml	FHMMNGSK	FHM[147]M[147]NGSK	8	3	1601.8985	982.397	982.3976	328.4729	328.4731	982.4	328.4739	-0.0024	0.06269747	13.311	8.558	0.9382	2	0	0	0	"3M(15.9949), 4M(15.9949)"		TRUE	sp|Q9NSE4|SYIM_HUMAN	Q9NSE4	SYIM_HUMAN	IARS2	"Isoleucine--tRNA ligase, mitochondrial "		
b1906_293T_proteinID_01A_QE3_122212.01959.01959.4	F:\dev\msfragger\dev_isotope_correction\8_isotope_errors_012_2\interact-b1906_293T_proteinID_01A_QE3_122212.pep.xml	HHEEEIVHHKK		11	4	1605.2814	1421.7104	1421.7124	356.4349	356.4354	1421.7163	356.4364	-0.0039	0.003154379	19.943	14.065	0.999	2	0	0	0			TRUE	sp|Q9UII2|ATIF1_HUMAN	Q9UII2	ATIF1_HUMAN	ATP5IF1	"ATPase inhibitor, mitochondrial "		
b1906_293T_proteinID_01A_QE3_122212.01966.01966.2	F:\dev\msfragger\dev_isotope_correction\8_isotope_errors_012_2\interact-b1906_293T_proteinID_01A_QE3_122212.pep.xml	AAVTPGKK		8	2	1606.5863	770.4628	770.4638	386.2387	386.2392	770.465	386.2398	-0.0013	0.01869621	19.978	10.069	0.9861	2	0	0	0			TRUE	sp|P19338|NUCL_HUMAN	P19338	NUCL_HUMAN	NCL	Nucleolin 		
b1906_293T_proteinID_01A_QE3_122212.02047.02047.4	F:\dev\msfragger\dev_isotope_correction\8_isotope_errors_012_2\interact-b1906_293T_proteinID_01A_QE3_122212.pep.xml	CEMSEHPSQTVRK	CEM[147]SEHPSQTVRK	13	4	1616.7622	1603.7028	1603.7054	401.933	401.9336	1603.7081	401.9343	-0.0027	6.22381E-06	24.307	8.178	1	2	0	0	0	"1C(57.0215), 3M(15.9949)"		TRUE	sp|Q32MZ4|LRRF1_HUMAN	Q32MZ4	LRRF1_HUMAN	LRRFIP1	Leucine-rich repeat flightless-interacting protein 1 		
b1906_293T_proteinID_01A_QE3_122212.02055.02055.3	F:\dev\msfragger\dev_isotope_correction\8_isotope_errors_012_2\interact-b1906_293T_proteinID_01A_QE3_122212.pep.xml	THTGERPNACADCGK	THTGERPNACADCGK	15	3	1618.1517	1672.7003	1672.7021	558.574	558.5746	1672.7046	558.5755	-0.0024	6.21227E-05	25.327	7.52	1	2	0	0	0	"10C(57.0215), 13C(57.0215)"		TRUE	sp|Q6DD87|ZN787_HUMAN	Q6DD87	ZN787_HUMAN	ZNF787	Zinc finger protein 787 		
b1906_293T_proteinID_01A_QE3_122212.02056.02056.4	F:\dev\msfragger\dev_isotope_correction\8_isotope_errors_012_2\interact-b1906_293T_proteinID_01A_QE3_122212.pep.xml	THTGERPNACADCGK	THTGERPNACADCGK	15	4	1618.2425	1672.7001	1672.7024	419.1823	419.1829	1672.7046	419.1834	-0.0022	4.55999E-05	20.108	8.923	1	2	0	0	0	"10C(57.0215), 13C(57.0215)"		TRUE	sp|Q6DD87|ZN787_HUMAN	Q6DD87	ZN787_HUMAN	ZNF787	Zinc finger protein 787 		
b1906_293T_proteinID_01A_QE3_122212.02066.02066.2	F:\dev\msfragger\dev_isotope_correction\8_isotope_errors_012_2\interact-b1906_293T_proteinID_01A_QE3_122212.pep.xml	IGGAQNR		7	2	1620.2962	714.3758	714.3767	358.1952	358.1956	714.3773	358.1959	-0.0005	0.02952908	14.619	0	0.989	2	0	0	0			TRUE	sp|P14174|MIF_HUMAN	P14174	MIF_HUMAN	MIF	Macrophage migration inhibitory factor 		
b1906_293T_proteinID_01A_QE3_122212.02069.02069.3	F:\dev\msfragger\dev_isotope_correction\8_isotope_errors_012_2\interact-b1906_293T_proteinID_01A_QE3_122212.pep.xml	GATRPNGPNTGNK		13	3	1620.5709	1282.6359	1282.6367	428.5526	428.5528	1282.6377	428.5532	-0.001	7.3362E-06	25.167	9.858	1	2	0	0	0			TRUE	sp|P20339|RAB5A_HUMAN	P20339	RAB5A_HUMAN	RAB5A	Ras-related protein Rab-5A 		
b1906_293T_proteinID_01A_QE3_122212.02073.02073.4	F:\dev\msfragger\dev_isotope_correction\8_isotope_errors_012_2\interact-b1906_293T_proteinID_01A_QE3_122212.pep.xml	HGRPGIGATHSSR		13	4	1621.6053	1331.6791	1331.6787	333.9271	333.927	1331.6805	333.9274	-0.0018	6.09E-12	30.285	8.783	1	2	0	0	0			TRUE	sp|P62841|RS15_HUMAN	P62841	RS15_HUMAN	RPS15	40S ribosomal protein S15 		
b1906_293T_proteinID_01A_QE3_122212.02075.02075.2	F:\dev\msfragger\dev_isotope_correction\8_isotope_errors_012_2\interact-b1906_293T_proteinID_01A_QE3_122212.pep.xml	VTNPNAR		7	2	1621.7869	770.401	770.4026	386.2078	386.2086	770.4035	386.209	-0.0009	0.05599171	14.981	12.983	0.9721	2	0	0	0			TRUE	sp|P62910|RL32_HUMAN	P62910	RL32_HUMAN	RPL32	60S ribosomal protein L32 		
b1906_293T_proteinID_01A_QE3_122212.02077.02077.3	F:\dev\msfragger\dev_isotope_correction\8_isotope_errors_012_2\interact-b1906_293T_proteinID_01A_QE3_122212.pep.xml	QREQMEQMK	QREQMEQM[147]K	9	3	1621.9706	1222.5408	1222.5419	408.5209	408.5212	1222.5433	408.5217	-0.0014	0.1159684	17.587	14.326	0.9209	2	1	0	0	8M(15.9949)		TRUE	sp|Q14320|FA50A_HUMAN	Q14320	FA50A_HUMAN	FAM50A	Protein FAM50A 		
b1906_293T_proteinID_01A_QE3_122212.02082.02082.3	F:\dev\msfragger\dev_isotope_correction\8_isotope_errors_012_2\interact-b1906_293T_proteinID_01A_QE3_122212.pep.xml	ASASPSTSSTSSRPK		15	3	1623.0853	1449.7028	1449.7043	484.2415	484.242	1449.7058	484.2425	-0.0014	1.22638E-08	39.25	11.411	1	2	0	0	0			TRUE	sp|O75167|PHAR2_HUMAN	O75167	PHAR2_HUMAN	PHACTR2	Phosphatase and actin regulator 2 		
b1906_293T_proteinID_01A_QE3_122212.02087.02087.4	F:\dev\msfragger\dev_isotope_correction\8_isotope_errors_012_2\interact-b1906_293T_proteinID_01A_QE3_122212.pep.xml	SSQETPAHSSGQPPRDAK		18	4	1624.2054	1878.8778	1878.8817	470.7267	470.7277	1878.882	470.7278	-0.0002	1.32495E-07	26.512	10.03	1	2	1	0	0			TRUE	sp|Q9NZC9|SMAL1_HUMAN	Q9NZC9	SMAL1_HUMAN	SMARCAL1	SWI/SNF-related matrix-associated actin-dependent regulator of chromatin subfamily A-like protein 1 		
b1906_293T_proteinID_01A_QE3_122212.02089.02089.3	F:\dev\msfragger\dev_isotope_correction\8_isotope_errors_012_2\interact-b1906_293T_proteinID_01A_QE3_122212.pep.xml	GGAARPNGPAAGNK		14	3	1624.389	1236.6294	1236.6312	413.2171	413.2177	1236.6322	413.218	-0.001	2.08069E-06	37.213	11.562	1	2	0	0	0			TRUE	sp|P51148|RAB5C_HUMAN	P51148	RAB5C_HUMAN	RAB5C	Ras-related protein Rab-5C 		
b1906_293T_proteinID_01A_QE3_122212.02091.02091.3	F:\dev\msfragger\dev_isotope_correction\8_isotope_errors_012_2\interact-b1906_293T_proteinID_01A_QE3_122212.pep.xml	SSQETPAHSSGQPPRDAK		18	3	1624.5717	1878.8765	1878.8806	627.2994	627.3008	1878.882	627.3013	-0.0013	0.001711985	19.566	10.659	1	2	1	0	0			TRUE	sp|Q9NZC9|SMAL1_HUMAN	Q9NZC9	SMAL1_HUMAN	SMARCAL1	SWI/SNF-related matrix-associated actin-dependent regulator of chromatin subfamily A-like protein 1 		
b1906_293T_proteinID_01A_QE3_122212.02097.02097.2	F:\dev\msfragger\dev_isotope_correction\8_isotope_errors_012_2\interact-b1906_293T_proteinID_01A_QE3_122212.pep.xml	AASGSGMAQK	n[43]AASGSGM[147]AQK	10	2	1625.832	964.4272	964.4275	483.2209	483.2211	964.4284	483.2215	-0.0008	2.65362E-06	28.202	10.451	1	2	0	0	0	"7M(15.9949), N-term(42.0106)"		TRUE	sp|Q92905|CSN5_HUMAN	Q92905	CSN5_HUMAN	COPS5	COP9 signalosome complex subunit 5 		
